name	addr	size	section	bind	type	parent
_IO_stdin_used	002dbca0	00000004	.rodata	g	O	
_ZL6cplens	002dee4c	0000007c	.rodata	l	O	
_ZL6cplext	002deec8	0000007c	.rodata	l	O	
_ZL6cpdist	002def44	00000078	.rodata	l	O	
_ZL6cpdext	002defbc	00000078	.rodata	l	O	
_ZL8fixed_tl	002df034	00001000	.rodata	l	O	
_ZL8fixed_td	002e0034	00000100	.rodata	l	O	
_ZL12inflate_mask	002e0134	00000044	.rodata	l	O	
_ZL6border	002e0178	0000004c	.rodata	l	O	
_ZL9crc_table	002e01c4	00000400	.rodata	l	O	
mui_Rect	002e05c4	000000b0	.rodata	l	O	
m_Typetab	002e0674	000000b4	.rodata	l	O	
GBAKeyMapping	002e0728	00000060	.rodata	l	O	
NESKeyMapping	002e0788	00000060	.rodata	l	O	
SNESKeyMapping	002e07e8	00000060	.rodata	l	O	
GENSKeyMapping	002e07e8	00000060	.rodata	l	O	
DEFKeyMapping	002e07e8	00000060	.rodata	l	O	
FBA_index	002e0888	00000018	.rodata	g	O	
SNES_index	002e08a0	00000018	.rodata	g	O	
MD_index	002e08b8	00000018	.rodata	g	O	
STD_index	002e08d0	00000018	.rodata	g	O	
joy_key_mask	002e08e8	00000040	.rodata	g	O	
asc2_1608	002e0928	000005f0	.rodata	g	O	
xmp3_sfBandTable	002e0f18	0000029a	.rodata	g	O	
xmp3_slotTab	002e11b4	0000010e	.rodata	g	O	
xmp3_sideBytesTab	002e12c4	0000000c	.rodata	g	O	
xmp3_bitsPerSlotTab	002e12d0	00000006	.rodata	g	O	
xmp3_samplesPerFrameTab	002e12d8	00000012	.rodata	g	O	
xmp3_bitrateTab	002e12ec	0000010e	.rodata	g	O	
xmp3_samplerateTab	002e13fc	00000024	.rodata	g	O	
SFLenTab	002e1420	00000020	.rodata	l	O	
NRTab	002e1440	00000048	.rodata	l	O	
xmp3_polyCoef	002e1488	00000420	.rodata	g	O	
xmp3_coef32	002e18a8	0000007c	.rodata	g	O	
xmp3_csa	002e1924	00000040	.rodata	g	O	
xmp3_uniqueIDTab	002e1964	00000008	.rodata	g	O	
xmp3_ISFIIP	002e196c	00000010	.rodata	g	O	
xmp3_ISFMpeg2	002e197c	00000100	.rodata	g	O	
xmp3_ISFMpeg1	002e1a7c	00000038	.rodata	g	O	
xmp3_imdctWin	002e1ab4	00000240	.rodata	g	O	
c18	002e1cf4	00000024	.rodata	l	O	
fastWin36	002e1d18	00000048	.rodata	l	O	
xmp3_quadTabMaxBits	002e1d60	00000008	.rodata	g	O	
xmp3_quadTabOffset	002e1d68	00000008	.rodata	g	O	
xmp3_quadTable	002e1d70	00000050	.rodata	g	O	
xmp3_huffTabLookup	002e1dc0	00000100	.rodata	g	O	
xmp3_huffTabOffset	002e1ec0	00000080	.rodata	g	O	
xmp3_huffTable	002e1f40	00002124	.rodata	g	O	
pow43_14	002e4064	00000100	.rodata	l	O	
pow14	002e4164	00000010	.rodata	l	O	
pow43	002e4174	000000c0	.rodata	l	O	
pow2frac	002e4234	00000020	.rodata	l	O	
pow2exp	002e4254	00000020	.rodata	l	O	
preTab	002e4274	00000016	.rodata	l	O	
dcttab	002e428c	000000c0	.rodata	l	O	
direct_tab	002e434c	00000010	.rodata	l	O	
xdirect_tab	002e435c	00000010	.rodata	l	O	
xbase64_tab	002e436c	00000010	.rodata	l	O	
iso8859_2_2uni	002e437c	000000c0	.rodata	l	O	
iso8859_2_page00	002e443c	000000e0	.rodata	l	O	
iso8859_2_page02	002e451c	00000020	.rodata	l	O	
iso8859_3_2uni	002e453c	000000c0	.rodata	l	O	
iso8859_3_page00	002e45fc	00000060	.rodata	l	O	
iso8859_3_page01	002e465c	00000078	.rodata	l	O	
iso8859_3_page02	002e46d4	00000008	.rodata	l	O	
iso8859_4_2uni	002e46dc	000000c0	.rodata	l	O	
iso8859_4_page00	002e479c	000000e0	.rodata	l	O	
iso8859_4_page02	002e487c	00000020	.rodata	l	O	
iso8859_5_2uni	002e489c	000000c0	.rodata	l	O	
iso8859_5_page00	002e495c	00000010	.rodata	l	O	
iso8859_5_page04	002e496c	00000060	.rodata	l	O	
iso8859_6_2uni	002e49cc	000000c0	.rodata	l	O	
iso8859_6_page00	002e4a8c	00000010	.rodata	l	O	
iso8859_6_page06	002e4a9c	00000050	.rodata	l	O	
iso8859_7_2uni	002e4aec	000000c0	.rodata	l	O	
iso8859_7_page00	002e4bac	00000020	.rodata	l	O	
iso8859_7_page03	002e4bcc	00000058	.rodata	l	O	
iso8859_7_page20	002e4c24	00000010	.rodata	l	O	
iso8859_8_2uni	002e4c34	000000c0	.rodata	l	O	
iso8859_8_page00	002e4cf4	00000058	.rodata	l	O	
iso8859_8_page05	002e4d4c	00000020	.rodata	l	O	
iso8859_8_page20	002e4d6c	00000010	.rodata	l	O	
iso8859_9_2uni	002e4d7c	00000060	.rodata	l	O	
iso8859_9_page00	002e4ddc	00000030	.rodata	l	O	
iso8859_9_page01	002e4e0c	00000048	.rodata	l	O	
iso8859_10_2uni	002e4e54	000000c0	.rodata	l	O	
iso8859_10_page00	002e4f14	000000e0	.rodata	l	O	
iso8859_13_2uni	002e4ff4	000000c0	.rodata	l	O	
iso8859_13_page00	002e50b4	000000e0	.rodata	l	O	
iso8859_13_page20	002e5194	00000008	.rodata	l	O	
iso8859_14_2uni	002e519c	000000c0	.rodata	l	O	
iso8859_14_page00	002e525c	00000060	.rodata	l	O	
iso8859_14_page01_0	002e52bc	00000020	.rodata	l	O	
iso8859_14_page01_1	002e52dc	00000010	.rodata	l	O	
iso8859_14_page1e_0	002e52ec	00000088	.rodata	l	O	
iso8859_14_page1e_1	002e5374	00000008	.rodata	l	O	
iso8859_15_2uni	002e537c	00000040	.rodata	l	O	
iso8859_15_page00	002e53bc	00000020	.rodata	l	O	
iso8859_15_page01	002e53dc	00000030	.rodata	l	O	
iso8859_16_2uni	002e540c	000000c0	.rodata	l	O	
iso8859_16_page00	002e54cc	000000e0	.rodata	l	O	
iso8859_16_page02	002e55ac	00000008	.rodata	l	O	
iso8859_16_page20	002e55b4	00000008	.rodata	l	O	
koi8_r_2uni	002e55bc	00000100	.rodata	l	O	
koi8_r_page00	002e56bc	00000058	.rodata	l	O	
koi8_r_page04	002e5714	00000058	.rodata	l	O	
koi8_r_page22	002e576c	00000050	.rodata	l	O	
koi8_r_page23	002e57bc	00000008	.rodata	l	O	
koi8_r_page25	002e57c4	000000a8	.rodata	l	O	
koi8_u_2uni	002e586c	00000100	.rodata	l	O	
koi8_u_page00	002e596c	00000058	.rodata	l	O	
koi8_u_page04	002e59c4	00000098	.rodata	l	O	
koi8_u_page22	002e5a5c	00000050	.rodata	l	O	
koi8_u_page23	002e5aac	00000008	.rodata	l	O	
koi8_u_page25	002e5ab4	000000a8	.rodata	l	O	
koi8_ru_2uni	002e5b5c	00000100	.rodata	l	O	
koi8_ru_page00	002e5c5c	00000058	.rodata	l	O	
koi8_ru_page04	002e5cb4	00000098	.rodata	l	O	
koi8_ru_page22	002e5d4c	00000050	.rodata	l	O	
koi8_ru_page23	002e5d9c	00000008	.rodata	l	O	
koi8_ru_page25	002e5da4	000000a8	.rodata	l	O	
cp1250_2uni	002e5e4c	00000100	.rodata	l	O	
cp1250_page00	002e5f4c	000000e0	.rodata	l	O	
cp1250_page02	002e602c	00000020	.rodata	l	O	
cp1250_page20	002e604c	00000030	.rodata	l	O	
cp1251_2uni	002e607c	00000100	.rodata	l	O	
cp1251_page00	002e617c	00000020	.rodata	l	O	
cp1251_page04	002e619c	00000098	.rodata	l	O	
cp1251_page20	002e6234	00000030	.rodata	l	O	
cp1252_2uni	002e6264	00000040	.rodata	l	O	
cp1252_page01	002e62a4	00000048	.rodata	l	O	
cp1252_page02	002e62ec	00000020	.rodata	l	O	
cp1252_page20	002e630c	00000030	.rodata	l	O	
cp1253_2uni	002e633c	00000100	.rodata	l	O	
cp1253_page00	002e643c	00000020	.rodata	l	O	
cp1253_page03	002e645c	00000050	.rodata	l	O	
cp1253_page20	002e64ac	00000030	.rodata	l	O	
cp1254_2uni_1	002e64dc	00000040	.rodata	l	O	
cp1254_2uni_2	002e651c	00000020	.rodata	l	O	
cp1254_2uni_3	002e653c	00000020	.rodata	l	O	
cp1254_page00	002e655c	00000030	.rodata	l	O	
cp1254_page01	002e658c	00000080	.rodata	l	O	
cp1254_page02	002e660c	00000020	.rodata	l	O	
cp1254_page20	002e662c	00000030	.rodata	l	O	
cp1255_comp_table_data	002e665c	00000090	.rodata	l	O	
cp1255_comp_table	002e66ec	00000040	.rodata	l	O	
cp1255_decomp_table	002e672c	00000110	.rodata	l	O	
cp1255_comb_table	002e683c	00000008	.rodata	l	O	
cp1255_2uni	002e6844	00000100	.rodata	l	O	
cp1255_page00	002e6944	00000058	.rodata	l	O	
cp1255_page02	002e699c	00000020	.rodata	l	O	
cp1255_page05	002e69bc	00000048	.rodata	l	O	
cp1255_page20	002e6a04	00000038	.rodata	l	O	
cp1256_2uni	002e6a3c	00000100	.rodata	l	O	
cp1256_page00	002e6b3c	00000060	.rodata	l	O	
cp1256_page01	002e6b9c	00000048	.rodata	l	O	
cp1256_page06	002e6be4	000000d0	.rodata	l	O	
cp1256_page20	002e6cb4	00000038	.rodata	l	O	
cp1257_2uni	002e6cec	00000100	.rodata	l	O	
cp1257_page00	002e6dec	000000e0	.rodata	l	O	
cp1257_page02	002e6ecc	00000020	.rodata	l	O	
cp1257_page20	002e6eec	00000030	.rodata	l	O	
viet_comp_table_data	002e6f1c	00000328	.rodata	l	O	
viet_comp_table	002e7244	00000028	.rodata	l	O	
viet_decomp_table	002e726c	00000324	.rodata	l	O	
cp1258_comb_table	002e7590	00000005	.rodata	l	O	
cp1258_comp_bases	002e7598	00000030	.rodata	l	O	
cp1258_2uni	002e75c8	00000100	.rodata	l	O	
cp1258_page00	002e76c8	00000058	.rodata	l	O	
cp1258_page01	002e7720	00000068	.rodata	l	O	
cp1258_page02	002e7788	00000020	.rodata	l	O	
cp1258_page03	002e77a8	00000028	.rodata	l	O	
cp1258_page20	002e77d0	00000030	.rodata	l	O	
cp850_2uni	002e7800	00000100	.rodata	l	O	
cp850_page00	002e7900	00000060	.rodata	l	O	
cp850_page25	002e7960	000000a8	.rodata	l	O	
cp862_2uni	002e7a08	00000100	.rodata	l	O	
cp862_page00	002e7b08	00000060	.rodata	l	O	
cp862_page03	002e7b68	00000038	.rodata	l	O	
cp862_page22	002e7ba0	00000050	.rodata	l	O	
cp862_page25	002e7bf0	000000a8	.rodata	l	O	
cp866_2uni	002e7c98	000000a0	.rodata	l	O	
cp866_page00	002e7d38	00000018	.rodata	l	O	
cp866_page04	002e7d50	00000060	.rodata	l	O	
cp866_page22	002e7db0	00000008	.rodata	l	O	
cp866_page25	002e7db8	000000a8	.rodata	l	O	
cp1131_2uni	002e7e60	00000100	.rodata	l	O	
cp1131_page00	002e7f60	00000018	.rodata	l	O	
cp1131_page04	002e7f78	00000098	.rodata	l	O	
cp1131_page25	002e8010	00000098	.rodata	l	O	
mac_roman_2uni	002e80a8	00000100	.rodata	l	O	
mac_roman_page00	002e81a8	00000060	.rodata	l	O	
mac_roman_page01	002e8208	00000068	.rodata	l	O	
mac_roman_page02	002e8270	00000020	.rodata	l	O	
mac_roman_page20	002e8290	00000038	.rodata	l	O	
mac_roman_page21	002e82c8	00000008	.rodata	l	O	
mac_roman_page22	002e82d0	00000068	.rodata	l	O	
mac_roman_pagefb	002e8338	00000008	.rodata	l	O	
mac_centraleurope_2uni	002e8340	00000100	.rodata	l	O	
mac_centraleurope_page00	002e8440	000000e0	.rodata	l	O	
mac_centraleurope_page20	002e8520	00000030	.rodata	l	O	
mac_centraleurope_page22	002e8550	00000020	.rodata	l	O	
mac_centraleurope_page22_1	002e8570	00000008	.rodata	l	O	
mac_iceland_2uni	002e8578	00000100	.rodata	l	O	
mac_iceland_page00	002e8678	00000060	.rodata	l	O	
mac_iceland_page01	002e86d8	00000068	.rodata	l	O	
mac_iceland_page02	002e8740	00000020	.rodata	l	O	
mac_iceland_page20	002e8760	00000038	.rodata	l	O	
mac_iceland_page21	002e8798	00000008	.rodata	l	O	
mac_iceland_page22	002e87a0	00000068	.rodata	l	O	
mac_croatian_2uni	002e8808	00000100	.rodata	l	O	
mac_croatian_page00	002e8908	000000f8	.rodata	l	O	
mac_croatian_page02	002e8a00	00000020	.rodata	l	O	
mac_croatian_page20	002e8a20	00000038	.rodata	l	O	
mac_croatian_page21	002e8a58	00000008	.rodata	l	O	
mac_croatian_page22	002e8a60	00000068	.rodata	l	O	
mac_romania_2uni	002e8ac8	00000100	.rodata	l	O	
mac_romania_page00	002e8bc8	000000f8	.rodata	l	O	
mac_romania_page02	002e8cc0	00000020	.rodata	l	O	
mac_romania_page20	002e8ce0	00000038	.rodata	l	O	
mac_romania_page21	002e8d18	00000008	.rodata	l	O	
mac_romania_page22	002e8d20	00000068	.rodata	l	O	
mac_cyrillic_2uni	002e8d88	00000100	.rodata	l	O	
mac_cyrillic_page00	002e8e88	00000020	.rodata	l	O	
mac_cyrillic_page04	002e8ea8	00000060	.rodata	l	O	
mac_cyrillic_page20	002e8f08	00000018	.rodata	l	O	
mac_cyrillic_page21	002e8f20	00000018	.rodata	l	O	
mac_cyrillic_page22	002e8f38	00000068	.rodata	l	O	
mac_ukraine_2uni	002e8fa0	00000100	.rodata	l	O	
mac_ukraine_page00	002e90a0	00000020	.rodata	l	O	
mac_ukraine_page04	002e90c0	00000098	.rodata	l	O	
mac_ukraine_page20	002e9158	00000018	.rodata	l	O	
mac_ukraine_page21	002e9170	00000018	.rodata	l	O	
mac_ukraine_page22	002e9188	00000068	.rodata	l	O	
mac_greek_2uni	002e91f0	00000100	.rodata	l	O	
mac_greek_page00	002e92f0	00000060	.rodata	l	O	
mac_greek_page03	002e9350	00000050	.rodata	l	O	
mac_greek_page20	002e93a0	00000028	.rodata	l	O	
mac_greek_page22	002e93c8	00000020	.rodata	l	O	
mac_turkish_2uni	002e93e8	00000100	.rodata	l	O	
mac_turkish_page00	002e94e8	00000060	.rodata	l	O	
mac_turkish_page01	002e9548	00000080	.rodata	l	O	
mac_turkish_page02	002e95c8	00000020	.rodata	l	O	
mac_turkish_page20	002e95e8	00000028	.rodata	l	O	
mac_turkish_page21	002e9610	00000008	.rodata	l	O	
mac_turkish_page22	002e9618	00000068	.rodata	l	O	
mac_hebrew_2uni	002e9680	00000100	.rodata	l	O	
mac_hebrew_page00	002e9780	00000060	.rodata	l	O	
mac_hebrew_page05	002e97e0	00000040	.rodata	l	O	
mac_hebrew_page20	002e9820	00000018	.rodata	l	O	
mac_hebrew_pagefb	002e9838	00000038	.rodata	l	O	
mac_arabic_2uni	002e9870	00000100	.rodata	l	O	
mac_arabic_page00	002e9970	00000060	.rodata	l	O	
mac_arabic_page06	002e99d0	000000d0	.rodata	l	O	
mac_thai_2uni	002e9aa0	00000100	.rodata	l	O	
mac_thai_page00	002e9ba0	00000020	.rodata	l	O	
mac_thai_page0e	002e9bc0	00000060	.rodata	l	O	
mac_thai_page20	002e9c20	00000020	.rodata	l	O	
mac_thai_pagef8	002e9c40	00000020	.rodata	l	O	
hp_roman8_2uni	002e9c60	000000c0	.rodata	l	O	
hp_roman8_page00	002e9d20	00000060	.rodata	l	O	
hp_roman8_page01	002e9d80	00000038	.rodata	l	O	
hp_roman8_page02	002e9db8	00000020	.rodata	l	O	
nextstep_2uni	002e9dd8	00000100	.rodata	l	O	
nextstep_page00	002e9ed8	00000060	.rodata	l	O	
nextstep_page01	002e9f38	00000068	.rodata	l	O	
nextstep_page02	002e9fa0	00000020	.rodata	l	O	
nextstep_page20	002e9fc0	00000038	.rodata	l	O	
nextstep_pagefb	002e9ff8	00000008	.rodata	l	O	
armscii_8_2uni	002ea000	000000c0	.rodata	l	O	
armscii_8_page00	002ea0c0	00000008	.rodata	l	O	
armscii_8_page00_1	002ea0c8	00000020	.rodata	l	O	
armscii_8_page05	002ea0e8	00000060	.rodata	l	O	
armscii_8_page20	002ea148	00000018	.rodata	l	O	
georgian_academy_2uni	002ea160	00000040	.rodata	l	O	
georgian_academy_page00	002ea1a0	00000020	.rodata	l	O	
georgian_academy_page01	002ea1c0	00000048	.rodata	l	O	
georgian_academy_page02	002ea208	00000020	.rodata	l	O	
georgian_academy_page20	002ea228	00000030	.rodata	l	O	
georgian_ps_2uni_1	002ea258	00000040	.rodata	l	O	
georgian_ps_2uni_2	002ea298	0000004e	.rodata	l	O	
georgian_ps_page00	002ea2e8	00000020	.rodata	l	O	
georgian_ps_page01	002ea308	00000048	.rodata	l	O	
georgian_ps_page02	002ea350	00000020	.rodata	l	O	
georgian_ps_page10	002ea370	00000028	.rodata	l	O	
georgian_ps_page20	002ea398	00000030	.rodata	l	O	
koi8_t_2uni	002ea3c8	00000100	.rodata	l	O	
koi8_t_page00	002ea4c8	00000020	.rodata	l	O	
koi8_t_page04	002ea4e8	000000f0	.rodata	l	O	
koi8_t_page20	002ea5d8	00000030	.rodata	l	O	
koi8_t_page21	002ea608	00000018	.rodata	l	O	
pt154_2uni	002ea620	00000080	.rodata	l	O	
pt154_page00	002ea6a0	00000020	.rodata	l	O	
pt154_page04	002ea6c0	000000f0	.rodata	l	O	
pt154_page20	002ea7b0	00000018	.rodata	l	O	
rk1048_2uni	002ea7c8	00000100	.rodata	l	O	
rk1048_page00	002ea8c8	00000020	.rodata	l	O	
rk1048_page04	002ea8e8	000000f0	.rodata	l	O	
rk1048_page20	002ea9d8	00000030	.rodata	l	O	
rk1048_page21	002eaa08	00000018	.rodata	l	O	
mulelao_2uni	002eaa20	000000c0	.rodata	l	O	
mulelao_page0e	002eaae0	00000060	.rodata	l	O	
cp1133_2uni_1	002eab40	00000080	.rodata	l	O	
cp1133_2uni_2	002eabc0	00000020	.rodata	l	O	
cp1133_page00	002eabe0	00000010	.rodata	l	O	
cp1133_page0e	002eabf0	00000060	.rodata	l	O	
cp874_2uni	002eac50	00000100	.rodata	l	O	
cp874_page0e	002ead50	00000060	.rodata	l	O	
cp874_page20	002eadb0	00000018	.rodata	l	O	
viscii_2uni_1	002eadc8	00000040	.rodata	l	O	
viscii_2uni_2	002eae08	00000100	.rodata	l	O	
viscii_page00	002eaf08	000000f8	.rodata	l	O	
viscii_page1e	002eb000	00000060	.rodata	l	O	
tcvn_comb_table	002eb060	00000005	.rodata	l	O	
tcvn_comp_bases	002eb068	00000030	.rodata	l	O	
tcvn_2uni_1	002eb098	00000030	.rodata	l	O	
tcvn_2uni_2	002eb0c8	00000100	.rodata	l	O	
tcvn_page00	002eb1c8	00000118	.rodata	l	O	
tcvn_page03	002eb2e0	00000028	.rodata	l	O	
tcvn_page1e	002eb308	00000060	.rodata	l	O	
jisx0208_2uni_page21	002eb368	00000564	.rodata	l	O	
jisx0208_2uni_page30	002eb8cc	000031fc	.rodata	l	O	
jisx0208_2charset	002eeac8	000035be	.rodata	l	O	
jisx0208_uni2indx_page00	002f2088	00000040	.rodata	l	O	
jisx0208_uni2indx_page03	002f20c8	00000058	.rodata	l	O	
jisx0208_uni2indx_page20	002f2120	000000c8	.rodata	l	O	
jisx0208_uni2indx_page25	002f21e8	0000005c	.rodata	l	O	
jisx0208_uni2indx_page30	002f2244	00000040	.rodata	l	O	
jisx0208_uni2indx_page4e	002f2284	0000146c	.rodata	l	O	
jisx0208_uni2indx_pageff	002f36f0	0000003c	.rodata	l	O	
jisx0212_2uni_page22	002f372c	000000a2	.rodata	l	O	
jisx0212_2uni_page26	002f37d0	00000178	.rodata	l	O	
jisx0212_2uni_page29	002f3948	00000226	.rodata	l	O	
jisx0212_2uni_page30	002f3b70	00002d52	.rodata	l	O	
jisx0212_2charset	002f68c4	00002f66	.rodata	l	O	
jisx0212_uni2indx_page00	002f982c	00000118	.rodata	l	O	
jisx0212_uni2indx_page21	002f9944	0000000c	.rodata	l	O	
jisx0212_uni2indx_page4e	002f9950	0000146c	.rodata	l	O	
jisx0212_uni2indx_pageff	002fadbc	00000018	.rodata	l	O	
gb2312_2uni_page21	002fadd4	0000067e	.rodata	l	O	
gb2312_2uni_page30	002fb454	000034e0	.rodata	l	O	
gb2312_2charset	002fe934	00003a2a	.rodata	l	O	
gb2312_uni2indx_page00	00302360	00000118	.rodata	l	O	
gb2312_uni2indx_page20	00302478	00000194	.rodata	l	O	
gb2312_uni2indx_page30	0030260c	0000008c	.rodata	l	O	
gb2312_uni2indx_page4e	00302698	000013bc	.rodata	l	O	
gb2312_uni2indx_page9e	00303a54	0000006c	.rodata	l	O	
gb2312_uni2indx_pageff	00303ac0	0000003c	.rodata	l	O	
isoir165ext_2uni_page2b	00303afc	000003ac	.rodata	l	O	
isoir165ext_2uni_page7a	00303ea8	000003ac	.rodata	l	O	
isoir165ext_2charset	00304254	000006d8	.rodata	l	O	
isoir165ext_uni2indx_page00	0030492c	00000080	.rodata	l	O	
isoir165ext_uni2indx_page03	003049ac	00000030	.rodata	l	O	
isoir165ext_uni2indx_page1e	003049dc	00000070	.rodata	l	O	
isoir165ext_uni2indx_page30	00304a4c	00000010	.rodata	l	O	
isoir165ext_uni2indx_page32	00304a5c	00000080	.rodata	l	O	
isoir165ext_uni2indx_page4e	00304adc	00000bc0	.rodata	l	O	
isoir165ext_uni2indx_page7e	0030569c	00000534	.rodata	l	O	
isoir165ext_uni2indx_page94	00305bd0	0000023c	.rodata	l	O	
isoir165ext_uni2indx_page9e	00305e0c	00000064	.rodata	l	O	
isoir165ext_uni2indx_pageff	00305e70	00000014	.rodata	l	O	
gbkext1_2uni_page81	00305e84	00002f80	.rodata	l	O	
gbkext2_2uni_pagea8	00308e04	000040a0	.rodata	l	O	
gbkext_inv_2charset	0030cea4	00006fd2	.rodata	l	O	
gbkext_inv_uni2indx_page02	00313e78	00000038	.rodata	l	O	
gbkext_inv_uni2indx_page20	00313eb0	000000b0	.rodata	l	O	
gbkext_inv_uni2indx_page25	00313f60	00000044	.rodata	l	O	
gbkext_inv_uni2indx_page30	00313fa4	00000040	.rodata	l	O	
gbkext_inv_uni2indx_page32	00313fe4	00000078	.rodata	l	O	
gbkext_inv_uni2indx_page4e	0031405c	0000146c	.rodata	l	O	
gbkext_inv_uni2indx_pagef9	003154c8	0000004c	.rodata	l	O	
gbkext_inv_uni2indx_pagefe	00315514	0000007c	.rodata	l	O	
cp936ext_2uni_pagea6	00315590	0000002c	.rodata	l	O	
cp936ext_2uni_pagea8	003155bc	0000000c	.rodata	l	O	
cp936ext_page01	003155c8	00000020	.rodata	l	O	
cp936ext_page02	003155e8	00000030	.rodata	l	O	
cp936ext_pagefe	00315618	00000030	.rodata	l	O	
cns11643_1_2uni_page21	00315648	000003e8	.rodata	l	O	
cns11643_1_2uni_page42	00315a30	00000044	.rodata	l	O	
cns11643_1_2uni_page44	00315a74	00002a32	.rodata	l	O	
cns11643_2_2uni_page21	003184a8	00003bc4	.rodata	l	O	
cns11643_3_2uni_page21	0031c06c	00003008	.rodata	l	O	
cns11643_3_2uni_page64	0031f074	00000248	.rodata	l	O	
cns11643_3_2uni_upages	0031f2bc	00000220	.rodata	l	O	
cns11643_4a_2uni_page21	0031f4dc	000016c4	.rodata	l	O	
cns11643_4a_2uni_upages	00320ba0	00000350	.rodata	l	O	
cns11643_4b_2uni_page40	00320ef0	00002240	.rodata	l	O	
cns11643_4b_2uni_upages	00323130	000003e0	.rodata	l	O	
cns11643_5_2uni_page21	00323510	00004336	.rodata	l	O	
cns11643_5_2uni_upages	00327848	00000394	.rodata	l	O	
cns11643_6_2uni_page21	00327bdc	000031e8	.rodata	l	O	
cns11643_6_2uni_upages	0032adc4	00000330	.rodata	l	O	
cns11643_7_2uni_page21	0032b0f4	00003316	.rodata	l	O	
cns11643_7_2uni_upages	0032e40c	00000318	.rodata	l	O	
cns11643_15_2uni_page21	0032e724	00003802	.rodata	l	O	
cns11643_15_2uni_upages	00331f28	000003f4	.rodata	l	O	
cns11643_inv_2charset	0033231c	000289b6	.rodata	l	O	
cns11643_inv_uni2indx_page00	0035acd4	00000040	.rodata	l	O	
cns11643_inv_uni2indx_page02	0035ad14	00000074	.rodata	l	O	
cns11643_inv_uni2indx_page20	0035ad88	000000b0	.rodata	l	O	
cns11643_inv_uni2indx_page24	0035ae38	00000094	.rodata	l	O	
cns11643_inv_uni2indx_page30	0035aecc	00001bec	.rodata	l	O	
cns11643_inv_uni2indx_pagefa	0035cab8	0000000c	.rodata	l	O	
cns11643_inv_uni2indx_pagefe	0035cac4	0000007c	.rodata	l	O	
cns11643_inv_uni2indx_page200	0035cb40	000029b8	.rodata	l	O	
cns11643_inv_uni2indx_page2f8	0035f4f8	00000088	.rodata	l	O	
big5_2uni_pagea1	0035f580	00002fd2	.rodata	l	O	
big5_2uni_pagec9	00362554	00003bc8	.rodata	l	O	
big5_2charset	0036611c	00006b0e	.rodata	l	O	
big5_uni2indx_page00	0036cc2c	00000040	.rodata	l	O	
big5_uni2indx_page02	0036cc6c	00000098	.rodata	l	O	
big5_uni2indx_page20	0036cd04	000000b0	.rodata	l	O	
big5_uni2indx_page24	0036cdb4	00000094	.rodata	l	O	
big5_uni2indx_page30	0036ce48	000000f8	.rodata	l	O	
big5_uni2indx_page4e	0036cf40	0000146c	.rodata	l	O	
big5_uni2indx_pagefa	0036e3ac	00000004	.rodata	l	O	
big5_uni2indx_pagefe	0036e3b0	0000005c	.rodata	l	O	
ksc5601_2uni_page21	0036e40c	000008b6	.rodata	l	O	
ksc5601_2uni_page30	0036ecc4	0000125c	.rodata	l	O	
ksc5601_2uni_page4a	0036ff20	00002630	.rodata	l	O	
ksc5601_2charset	00372550	00004046	.rodata	l	O	
ksc5601_uni2indx_page00	00376598	00000118	.rodata	l	O	
ksc5601_uni2indx_page20	003766b0	0000019c	.rodata	l	O	
ksc5601_uni2indx_page30	0037684c	000000f8	.rodata	l	O	
ksc5601_uni2indx_page4e	00376944	00001468	.rodata	l	O	
ksc5601_uni2indx_pageac	00377dac	00000ae8	.rodata	l	O	
ksc5601_uni2indx_pagef9	00378894	00000044	.rodata	l	O	
ksc5601_uni2indx_pageff	003788d8	0000003c	.rodata	l	O	
jamo_initial	00378914	00000020	.rodata	l	O	
jamo_medial	00378934	00000020	.rodata	l	O	
jamo_final	00378954	00000020	.rodata	l	O	
jamo_final_notinitial	00378974	00000020	.rodata	l	O	
jamo_initial_index	00378994	00000020	.rodata	l	O	
jamo_medial_index	003789b4	00000020	.rodata	l	O	
jamo_final_index	003789d4	00000020	.rodata	l	O	
johab_hangul_page31	003789f4	00000066	.rodata	l	O	
jamo_initial_index_inverse	00378a5c	00000013	.rodata	l	O	
jamo_medial_index_inverse	00378a70	00000015	.rodata	l	O	
jamo_final_index_inverse	00378a88	0000001c	.rodata	l	O	
cp932ext_2uni_page87	00378aa4	000000b8	.rodata	l	O	
cp932ext_2uni_pageed	00378b5c	000002f0	.rodata	l	O	
cp932ext_2uni_pagefa	00378e4c	00000308	.rodata	l	O	
cp932ext_2charset	00379154	00000392	.rodata	l	O	
cp932ext_uni2indx_page21	003794e8	00000070	.rodata	l	O	
cp932ext_uni2indx_page24	00379558	00000020	.rodata	l	O	
cp932ext_uni2indx_page30	00379578	00000008	.rodata	l	O	
cp932ext_uni2indx_page32	00379580	00000074	.rodata	l	O	
cp932ext_uni2indx_page4e	003795f4	000001e4	.rodata	l	O	
cp932ext_uni2indx_page57	003797d8	000000b0	.rodata	l	O	
cp932ext_uni2indx_page5b	00379888	000000b8	.rodata	l	O	
cp932ext_uni2indx_page5f	00379940	00000728	.rodata	l	O	
cp932ext_uni2indx_page7d	0037a068	000000ac	.rodata	l	O	
cp932ext_uni2indx_page83	0037a114	000000b0	.rodata	l	O	
cp932ext_uni2indx_page88	0037a1c4	000001b4	.rodata	l	O	
cp932ext_uni2indx_page90	0037a378	000003b8	.rodata	l	O	
cp932ext_uni2indx_pagef9	0037a730	0000004c	.rodata	l	O	
cp932ext_uni2indx_pageff	0037a77c	0000003c	.rodata	l	O	
cp50221_0208_ext_2uni	0037a7b8	000000c0	.rodata	l	O	
cp50221_0208_ext_page21	0037a878	00000060	.rodata	l	O	
cp50221_0208_ext_page22	0037a8d8	00000020	.rodata	l	O	
cp50221_0208_ext_page24	0037a8f8	00000018	.rodata	l	O	
cp50221_0208_ext_page30	0037a910	00000008	.rodata	l	O	
cp50221_0208_ext_page32	0037a918	00000010	.rodata	l	O	
cp50221_0208_ext_page32_1	0037a928	00000010	.rodata	l	O	
cp50221_0208_ext_page33	0037a938	000000d0	.rodata	l	O	
cp50221_0212_ext_2uni	0037aa08	000000e0	.rodata	l	O	
cp50221_0212_ext_page21	0037aae8	00000010	.rodata	l	O	
cp50221_0212_ext_page53	0037aaf8	00000028	.rodata	l	O	
cp50221_0212_ext_page6d	0037ab20	00000010	.rodata	l	O	
cp50221_0212_ext_page76	0037ab30	00000020	.rodata	l	O	
cp50221_0212_ext_page7d	0037ab50	00000038	.rodata	l	O	
cp50221_0212_ext_page97	0037ab88	00000020	.rodata	l	O	
cp50221_0212_ext_pagefa	0037aba8	00000028	.rodata	l	O	
cp50221_0212_ext_pageff	0037abd0	00000008	.rodata	l	O	
gb18030ext_2uni_pagea9	0037abd8	0000001a	.rodata	l	O	
gb18030ext_2uni_pagefe	0037abf4	00000180	.rodata	l	O	
gb18030ext_page2e	0037ad74	000000a0	.rodata	l	O	
gb18030ext_page2f	0037ae14	00000020	.rodata	l	O	
gb18030ext_page34	0037ae34	00000070	.rodata	l	O	
gb18030ext_page36	0037aea4	00000030	.rodata	l	O	
gb18030ext_page39	0037aed4	00000030	.rodata	l	O	
gb18030ext_page43	0037af04	00000070	.rodata	l	O	
gb18030ext_page46	0037af74	00000040	.rodata	l	O	
gb18030ext_page47_1	0037afb4	00000020	.rodata	l	O	
gb18030ext_page47_2	0037afd4	00000030	.rodata	l	O	
gb18030ext_page49	0037b004	000000f0	.rodata	l	O	
gb18030ext_page4c	0037b0f4	00000070	.rodata	l	O	
gb18030ext_page4d	0037b164	00000020	.rodata	l	O	
gb18030ext_page9f	0037b184	00000020	.rodata	l	O	
gb18030ext_pagefe	0037b1a4	00000020	.rodata	l	O	
gb18030uni_charset2uni_ranges	0037b1c4	00000338	.rodata	l	O	
gb18030uni_uni2charset_ranges	0037b4fc	00000338	.rodata	l	O	
gb18030uni_ranges	0037b834	0000019c	.rodata	l	O	
gb18030_pua2charset	0037b9d0	000000ba	.rodata	l	O	
cp950_2uni_pagea1	0037ba8c	00000274	.rodata	l	O	
cp950ext_2uni_pagef9	0037bd00	00000052	.rodata	l	O	
cp950ext_2charset	0037bd54	00000052	.rodata	l	O	
cp950ext_uni2indx_page25	0037bda8	00000028	.rodata	l	O	
cp950ext_uni2indx_page58	0037bdd0	00000030	.rodata	l	O	
cp950ext_uni2indx_page5a	0037be00	00000040	.rodata	l	O	
cp950ext_uni2indx_page60	0037be40	00000018	.rodata	l	O	
cp950ext_uni2indx_page78	0037be58	00000024	.rodata	l	O	
cp950ext_uni2indx_page7c	0037be7c	0000002c	.rodata	l	O	
cp950ext_uni2indx_page88	0037bea8	00000034	.rodata	l	O	
cp950ext_uni2indx_page92	0037bedc	00000030	.rodata	l	O	
hkscs1999_2uni_page88	0037bf0c	000004e6	.rodata	l	O	
hkscs1999_2uni_page8d	0037c3f4	00001888	.rodata	l	O	
hkscs1999_2uni_pagec6	0037dc7c	000003ae	.rodata	l	O	
hkscs1999_2uni_pagef9	0037e02c	0000075c	.rodata	l	O	
hkscs1999_2uni_upages	0037e788	00000f34	.rodata	l	O	
hkscs1999_2charset	0037f6bc	000024b4	.rodata	l	O	
hkscs1999_uni2indx_page00	00381b70	000000b4	.rodata	l	O	
hkscs1999_uni2indx_page04	00381c24	00000018	.rodata	l	O	
hkscs1999_uni2indx_page1e	00381c3c	00000034	.rodata	l	O	
hkscs1999_uni2indx_page21	00381c70	0000003c	.rodata	l	O	
hkscs1999_uni2indx_page23	00381cac	000000a0	.rodata	l	O	
hkscs1999_uni2indx_page27	00381d4c	00000010	.rodata	l	O	
hkscs1999_uni2indx_page2e	00381d5c	00000110	.rodata	l	O	
hkscs1999_uni2indx_page34	00381e6c	00001af0	.rodata	l	O	
hkscs1999_uni2indx_pagef9	0038395c	00000004	.rodata	l	O	
hkscs1999_uni2indx_pageff	00383960	0000003c	.rodata	l	O	
hkscs1999_uni2indx_page200	0038399c	0000247c	.rodata	l	O	
hkscs1999_uni2indx_page294	00385e18	00000080	.rodata	l	O	
hkscs1999_uni2indx_page297	00385e98	000003ec	.rodata	l	O	
hkscs1999_uni2indx_page2f8	00386284	00000078	.rodata	l	O	
hkscs2001_2uni_page8c	003862fc	000000f6	.rodata	l	O	
hkscs2001_2uni_upages	003863f4	00000154	.rodata	l	O	
hkscs2001_2charset	00386548	000000e8	.rodata	l	O	
hkscs2001_uni2indx_page35	00386630	00000018	.rodata	l	O	
hkscs2001_uni2indx_page3c	00386648	000000b8	.rodata	l	O	
hkscs2001_uni2indx_page40	00386700	00000020	.rodata	l	O	
hkscs2001_uni2indx_page42	00386720	0000002c	.rodata	l	O	
hkscs2001_uni2indx_page4b	0038674c	00000064	.rodata	l	O	
hkscs2001_uni2indx_page4e	003867b0	000000ec	.rodata	l	O	
hkscs2001_uni2indx_page53	0038689c	00000050	.rodata	l	O	
hkscs2001_uni2indx_page57	003868ec	00000078	.rodata	l	O	
hkscs2001_uni2indx_page5a	00386964	00000174	.rodata	l	O	
hkscs2001_uni2indx_page61	00386ad8	0000000c	.rodata	l	O	
hkscs2001_uni2indx_page65	00386ae4	00000024	.rodata	l	O	
hkscs2001_uni2indx_page67	00386b08	0000001c	.rodata	l	O	
hkscs2001_uni2indx_page69	00386b24	0000005c	.rodata	l	O	
hkscs2001_uni2indx_page6c	00386b80	00000080	.rodata	l	O	
hkscs2001_uni2indx_page70	00386c00	00000130	.rodata	l	O	
hkscs2001_uni2indx_page76	00386d30	000000bc	.rodata	l	O	
hkscs2001_uni2indx_page7a	00386dec	0000011c	.rodata	l	O	
hkscs2001_uni2indx_page82	00386f08	00000040	.rodata	l	O	
hkscs2001_uni2indx_page85	00386f48	00000044	.rodata	l	O	
hkscs2001_uni2indx_page88	00386f8c	00000028	.rodata	l	O	
hkscs2001_uni2indx_page8b	00386fb4	00000024	.rodata	l	O	
hkscs2001_uni2indx_page8e	00386fd8	00000074	.rodata	l	O	
hkscs2001_uni2indx_page91	0038704c	000000c0	.rodata	l	O	
hkscs2001_uni2indx_page97	0038710c	000000bc	.rodata	l	O	
hkscs2001_uni2indx_page9f	003871c8	0000002c	.rodata	l	O	
hkscs2001_uni2indx_page214	003871f4	00000010	.rodata	l	O	
hkscs2001_uni2indx_page219	00387204	00000024	.rodata	l	O	
hkscs2001_uni2indx_page21d	00387228	00000030	.rodata	l	O	
hkscs2001_uni2indx_page220	00387258	00000020	.rodata	l	O	
hkscs2001_uni2indx_page227	00387278	00000008	.rodata	l	O	
hkscs2001_uni2indx_page232	00387280	00000080	.rodata	l	O	
hkscs2001_uni2indx_page23c	00387300	0000001c	.rodata	l	O	
hkscs2001_uni2indx_page241	0038731c	00000014	.rodata	l	O	
hkscs2001_uni2indx_page245	00387330	00000004	.rodata	l	O	
hkscs2001_uni2indx_page249	00387334	00000048	.rodata	l	O	
hkscs2001_uni2indx_page251	0038737c	00000034	.rodata	l	O	
hkscs2001_uni2indx_page256	003873b0	00000028	.rodata	l	O	
hkscs2001_uni2indx_page25c	003873d8	00000050	.rodata	l	O	
hkscs2001_uni2indx_page26b	00387428	00000008	.rodata	l	O	
hkscs2001_uni2indx_page26d	00387430	00000020	.rodata	l	O	
hkscs2001_uni2indx_page26f	00387450	00000030	.rodata	l	O	
hkscs2001_uni2indx_page271	00387480	00000004	.rodata	l	O	
hkscs2001_uni2indx_page287	00387484	00000004	.rodata	l	O	
hkscs2001_uni2indx_page289	00387488	0000007c	.rodata	l	O	
hkscs2001_uni2indx_page28d	00387504	00000030	.rodata	l	O	
hkscs2001_uni2indx_page299	00387534	00000014	.rodata	l	O	
hkscs2001_uni2indx_page29c	00387548	00000020	.rodata	l	O	
hkscs2001_uni2indx_page2a1	00387568	00000070	.rodata	l	O	
hkscs2004_2uni_page87	003875d8	00000074	.rodata	l	O	
hkscs2004_2uni_page8c	0038764c	0000017a	.rodata	l	O	
hkscs2004_2uni_upages	003877c8	00000138	.rodata	l	O	
hkscs2004_2charset	00387900	000000f6	.rodata	l	O	
hkscs2004_uni2indx_page34	003879f8	00000014	.rodata	l	O	
hkscs2004_uni2indx_page36	00387a0c	000000e0	.rodata	l	O	
hkscs2004_uni2indx_page3b	00387aec	00000028	.rodata	l	O	
hkscs2004_uni2indx_page3d	00387b14	00000040	.rodata	l	O	
hkscs2004_uni2indx_page3f	00387b54	000000bc	.rodata	l	O	
hkscs2004_uni2indx_page43	00387c10	00000114	.rodata	l	O	
hkscs2004_uni2indx_page4a	00387d24	0000002c	.rodata	l	O	
hkscs2004_uni2indx_page4c	00387d50	00000064	.rodata	l	O	
hkscs2004_uni2indx_page4f	00387db4	00000030	.rodata	l	O	
hkscs2004_uni2indx_page56	00387de4	00000040	.rodata	l	O	
hkscs2004_uni2indx_page59	00387e24	00000120	.rodata	l	O	
hkscs2004_uni2indx_page5f	00387f44	00000010	.rodata	l	O	
hkscs2004_uni2indx_page66	00387f54	0000005c	.rodata	l	O	
hkscs2004_uni2indx_page6e	00387fb0	00000018	.rodata	l	O	
hkscs2004_uni2indx_page71	00387fc8	0000004c	.rodata	l	O	
hkscs2004_uni2indx_page74	00388014	00000028	.rodata	l	O	
hkscs2004_uni2indx_page79	0038803c	00000034	.rodata	l	O	
hkscs2004_uni2indx_page7d	00388070	00000028	.rodata	l	O	
hkscs2004_uni2indx_page81	00388098	0000001c	.rodata	l	O	
hkscs2004_uni2indx_page85	003880b4	00000028	.rodata	l	O	
hkscs2004_uni2indx_page8a	003880dc	00000040	.rodata	l	O	
hkscs2004_uni2indx_page97	0038811c	00000058	.rodata	l	O	
hkscs2004_uni2indx_page9f	00388174	00000030	.rodata	l	O	
hkscs2004_uni2indx_page201	003881a4	00000050	.rodata	l	O	
hkscs2004_uni2indx_page20a	003881f4	00000068	.rodata	l	O	
hkscs2004_uni2indx_page21a	0038825c	0000001c	.rodata	l	O	
hkscs2004_uni2indx_page21d	00388278	0000004c	.rodata	l	O	
hkscs2004_uni2indx_page221	003882c4	00000034	.rodata	l	O	
hkscs2004_uni2indx_page227	003882f8	00000028	.rodata	l	O	
hkscs2004_uni2indx_page232	00388320	00000018	.rodata	l	O	
hkscs2004_uni2indx_page235	00388338	00000048	.rodata	l	O	
hkscs2004_uni2indx_page23b	00388380	00000008	.rodata	l	O	
hkscs2004_uni2indx_page23e	00388388	000000bc	.rodata	l	O	
hkscs2004_uni2indx_page242	00388444	00000030	.rodata	l	O	
hkscs2004_uni2indx_page24b	00388474	00000004	.rodata	l	O	
hkscs2004_uni2indx_page254	00388478	00000028	.rodata	l	O	
hkscs2004_uni2indx_page25a	003884a0	00000018	.rodata	l	O	
hkscs2004_uni2indx_page26b	003884b8	00000054	.rodata	l	O	
hkscs2004_uni2indx_page26e	0038850c	00000024	.rodata	l	O	
hkscs2004_uni2indx_page270	00388530	00000038	.rodata	l	O	
hkscs2004_uni2indx_page272	00388568	00000080	.rodata	l	O	
hkscs2004_uni2indx_page27b	003885e8	00000074	.rodata	l	O	
hkscs2004_uni2indx_page286	0038865c	00000030	.rodata	l	O	
hkscs2004_uni2indx_page289	0038868c	0000001c	.rodata	l	O	
hkscs2004_uni2indx_page28b	003886a8	00000030	.rodata	l	O	
hkscs2004_uni2indx_page290	003886d8	00000020	.rodata	l	O	
hkscs2004_uni2indx_page298	003886f8	00000054	.rodata	l	O	
hkscs2004_uni2indx_page29e	0038874c	00000030	.rodata	l	O	
hkscs2004_uni2indx_page2a1	0038877c	00000030	.rodata	l	O	
hkscs2004_uni2indx_page2a3	003887ac	00000018	.rodata	l	O	
hkscs2008_2uni_page87	003887c4	000000fc	.rodata	l	O	
hkscs2008_2uni_upages	003888c0	000000c8	.rodata	l	O	
hkscs2008_2charset	00388988	00000088	.rodata	l	O	
hkscs2008_uni2indx_page34	00388a10	0000003c	.rodata	l	O	
hkscs2008_uni2indx_page38	00388a4c	00000020	.rodata	l	O	
hkscs2008_uni2indx_page3a	00388a6c	00000040	.rodata	l	O	
hkscs2008_uni2indx_page3e	00388aac	0000003c	.rodata	l	O	
hkscs2008_uni2indx_page40	00388ae8	00000064	.rodata	l	O	
hkscs2008_uni2indx_page43	00388b4c	0000007c	.rodata	l	O	
hkscs2008_uni2indx_page46	00388bc8	0000002c	.rodata	l	O	
hkscs2008_uni2indx_page49	00388bf4	00000010	.rodata	l	O	
hkscs2008_uni2indx_page52	00388c04	00000014	.rodata	l	O	
hkscs2008_uni2indx_page54	00388c18	00000014	.rodata	l	O	
hkscs2008_uni2indx_page57	00388c2c	00000068	.rodata	l	O	
hkscs2008_uni2indx_page62	00388c94	00000034	.rodata	l	O	
hkscs2008_uni2indx_page66	00388cc8	00000064	.rodata	l	O	
hkscs2008_uni2indx_page6a	00388d2c	0000000c	.rodata	l	O	
hkscs2008_uni2indx_page70	00388d38	0000001c	.rodata	l	O	
hkscs2008_uni2indx_page73	00388d54	00000074	.rodata	l	O	
hkscs2008_uni2indx_page79	00388dc8	000000b4	.rodata	l	O	
hkscs2008_uni2indx_page84	00388e7c	00000088	.rodata	l	O	
hkscs2008_uni2indx_page88	00388f04	00000028	.rodata	l	O	
hkscs2008_uni2indx_page8b	00388f2c	00000024	.rodata	l	O	
hkscs2008_uni2indx_page90	00388f50	00000014	.rodata	l	O	
hkscs2008_uni2indx_page92	00388f64	00000008	.rodata	l	O	
hkscs2008_uni2indx_page94	00388f6c	0000000c	.rodata	l	O	
hkscs2008_uni2indx_page97	00388f78	00000014	.rodata	l	O	
hkscs2008_uni2indx_page9f	00388f8c	00000034	.rodata	l	O	
hkscs2008_uni2indx_page20a	00388fc0	00000024	.rodata	l	O	
hkscs2008_uni2indx_page21d	00388fe4	00000018	.rodata	l	O	
hkscs2008_uni2indx_page224	00388ffc	00000034	.rodata	l	O	
hkscs2008_uni2indx_page231	00389030	00000058	.rodata	l	O	
hkscs2008_uni2indx_page235	00389088	00000068	.rodata	l	O	
hkscs2008_uni2indx_page241	003890f0	0000001c	.rodata	l	O	
hkscs2008_uni2indx_page258	0038910c	00000038	.rodata	l	O	
hkscs2008_uni2indx_page25d	00389144	00000030	.rodata	l	O	
hkscs2008_uni2indx_page260	00389174	0000000c	.rodata	l	O	
hkscs2008_uni2indx_page26e	00389180	00000024	.rodata	l	O	
hkscs2008_uni2indx_page27b	003891a4	0000001c	.rodata	l	O	
hkscs2008_uni2indx_page289	003891c0	00000004	.rodata	l	O	
hkscs2008_uni2indx_page2ad	003891c4	00000040	.rodata	l	O	
uhc_1_2uni_main_page81	00389204	00000080	.rodata	l	O	
uhc_1_2uni_page81	00389284	00001640	.rodata	l	O	
uhc_1_2charset_main	0038a8c4	0000005a	.rodata	l	O	
uhc_1_2charset	0038a920	00001640	.rodata	l	O	
uhc_1_uni2indx_pageac	0038bf60	0000072c	.rodata	l	O	
uhc_2_2uni_main_pagea1	0038c68c	00000098	.rodata	l	O	
uhc_2_2uni_pagea1	0038c724	00000c36	.rodata	l	O	
uhc_2_2charset_main	0038d35c	00000062	.rodata	l	O	
uhc_2_2charset	0038d3c0	00000c36	.rodata	l	O	
uhc_2_uni2indx_pagec8	0038dff8	000003ec	.rodata	l	O	
cjk_variants	0038e3e4	00005e0c	.rodata	l	O	
cjk_variants_indx	003941f0	0000a400	.rodata	l	O	
translit_data	0039e5f0	00008e70	.rodata	l	O	
translit_page00	003a7460	000002b0	.rodata	l	O	
translit_page02	003a7710	00000010	.rodata	l	O	
translit_page02_1	003a7720	00000050	.rodata	l	O	
translit_page03	003a7770	00000060	.rodata	l	O	
translit_page05	003a77d0	00000010	.rodata	l	O	
translit_page06	003a77e0	00000020	.rodata	l	O	
translit_page0e	003a7800	00000060	.rodata	l	O	
translit_page0f	003a7860	00000020	.rodata	l	O	
translit_page1e	003a7880	00000140	.rodata	l	O	
translit_page1e_2	003a79c0	00000010	.rodata	l	O	
translit_page20	003a79d0	000000b0	.rodata	l	O	
translit_page20_3	003a7a80	00000010	.rodata	l	O	
translit_page21	003a7a90	000001b0	.rodata	l	O	
translit_page22	003a7c40	000000c0	.rodata	l	O	
translit_page22_4	003a7d00	00000060	.rodata	l	O	
translit_page24	003a7d60	000001e0	.rodata	l	O	
translit_page25	003a7f40	00000080	.rodata	l	O	
translit_page2a	003a7fc0	00000010	.rodata	l	O	
translit_page2f	003a7fd0	000001b0	.rodata	l	O	
translit_page30	003a8180	000001f0	.rodata	l	O	
translit_page31	003a8370	000000c0	.rodata	l	O	
translit_page31_5	003a8430	00000420	.rodata	l	O	
translit_pagef9	003a8850	000002e0	.rodata	l	O	
translit_pagefb	003a8b30	000000a0	.rodata	l	O	
translit_pagefe	003a8bd0	00000050	.rodata	l	O	
translit_pageff	003a8c20	000001e0	.rodata	l	O	
translit_page1d4	003a8e00	00000800	.rodata	l	O	
translit_page2f8	003a9600	00000440	.rodata	l	O	
all_encodings	003a9a40	000008d4	.rodata	l	O	
stringpool_contents	003aa314	00000dfd	.rodata	l	O	
aliases	003ab114	00001cd0	.rodata	l	O	
all_canonical	003acdfc	000000e2	.rodata	l	O	
conversion_lists.7622	003acee0	00000010	.rodata	l	O	
asso_values.9691	003acef0	00000100	.rodata	l	O	
__frame_dummy_init_array_entry	003aeed8	00000000	.init_array	l	O	
__do_global_dtors_aux_fini_array_entry	003aeedc	00000000	.fini_array	l	O	
running	003af018	00000004	.data	g	O	
Rowspacing	003af01c	00000004	.data	g	O	
joystick_fd	003af020	00000010	.data	l	O	
RF_JOYTable	003af030	00000078	.data	g	O	
CHANNEL_TBL	003af0a8	00000004	.data	g	O	
RX_ADDRESS1	003af0ac	00000005	.data	g	O	
RX_ADDRESS0	003af0b4	00000005	.data	g	O	
Dem_cal2_data	003af0bc	00000003	.data	g	O	
RF_cal2_data	003af0c0	00000006	.data	g	O	
RF_cal_data	003af0c8	00000003	.data	g	O	
BB_cal_data	003af0cc	00000005	.data	g	O	
USB_Table	003af0d4	00000180	.data	g	O	
JOYSTICK_DEVNAME	003af254	00000010	.data	g	O	
m_ui	003af264	000005e4	.data	l	O	
m_movetab	003af848	00000398	.data	l	O	
m_joysticktab	003afbe0	0000039c	.data	l	O	
m_statetab	003aff7c	00000090	.data	l	O	
KEY_Table	003b000c	00000040	.data	g	O	
P1_Table	003b004c	000000dc	.data	g	O	
turbo_delay	003b0128	00000004	.data	l	O	
user_joy_key_mask	003b0154	00000100	.data	g	O	
default_core_list	003b0254	00001a90	.data	g	O	
fps0	003b1ce4	00000004	.data	g	O	
sound_len	003b1ce8	00000004	.data	g	O	
GameMenuHotKey	003b1cec	00000004	.data	g	O	
SaveDefaultStateKey	003b1cf0	00000004	.data	g	O	
_mxml_key	003b1cf4	00000004	.data	l	O	
_libiconv_version	003b1cf8	00000004	.data	g	O	
completed.10349	003b2178	00000001	.bss	l	O	
log_file_initialized	003b217c	00000001	.bss	l	O	
log_file_fp	003b2180	00000004	.bss	l	O	
shm	003b2184	00000004	.bss	g	O	
spi_printf_needflash	003b2188	00000004	.bss	g	O	
scr_data	003b218c	00000004	.bss	g	O	
soft_rotation	003b2190	00000004	.bss	g	O	
displayfps	003b2194	00000004	.bss	g	O	
DisplayThread	003b2198	00000004	.bss	g	O	
CRU	003b219c	00000004	.bss	l	O	
GRF	003b21a0	00000004	.bss	l	O	
GPIO0	003b21a4	00000004	.bss	l	O	
GPIO1	003b21a8	00000004	.bss	l	O	
GPIO2	003b21ac	00000004	.bss	l	O	
joy_key_tmp	003b21b0	00000010	.bss	l	O	
gpiosignal	003b21c0	00000004	.bss	g	O	
gpiofp	003b21c4	00000004	.bss	g	O	
handle	003b21c8	00000004	.bss	l	O	
DisplayThreadflag	003b21cc	00000004	.bss	g	O	
mutex	003b21d0	00000018	.bss	g	O	
cond	003b21e8	00000030	.bss	g	O	
_ZL10zopenerror	003b2218	00000004	.bss	l	O	
lasterrorU	003b221c	00000004	.bss	g	O	
file_info_list	003b2220	0000a0a0	.bss	l	O	
FilenameExt	003bc2c0	00000004	.bss	l	O	
tree	003bc2c4	00000004	.bss	l	O	
filelist_tree	003bc2c8	00000004	.bss	l	O	
res_hz	003bc2cc	00000004	.bss	l	O	
ze	003bc2d0	00000130	.bss	l	O	
zr	003bc400	00000004	.bss	l	O	
mui_fast_lsit	003bc404	00000004	.bss	l	O	
m_search	003bc408	00000004	.bss	l	O	
DisplayThumbnailflag	003bc40c	00000004	.bss	l	O	
ForceFlashCount	003bc410	00000004	.bss	l	O	
diff_prev	003bc414	00000004	.bss	l	O	
m_time0	003bc418	00000004	.bss	l	O	
font	003bc41c	0000007c	.bss	l	O	
fontscale	003bc498	00000004	.bss	l	O	
fontascent	003bc49c	00000004	.bss	l	O	
fontbaseline	003bc4a0	00000004	.bss	l	O	
OutRect	003bc4a4	00000018	.bss	l	O	
fontbitmap	003bc4bc	00001000	.bss	l	O	
fontname	003bd4bc	00000020	.bss	l	O	
fontbuffer	003bd4dc	00000004	.bss	l	O	
configitems	003bd4e0	0000c350	.bss	l	O	
m_menulog	003c9830	000001bc	.bss	l	O	
path	003c99ec	00000100	.bss	l	O	
core_info_list	003c9aec	00005000	.bss	l	O	
hz	003ceaec	00000004	.bss	l	O	
SoundBuffer	003ceaf0	00000b80	.bss	l	O	
scrbuf	003cf670	00000004	.bss	l	O	
Soundplayflag	003cf674	00000004	.bss	g	O	
errorcount	003cf678	00000004	.bss	g	O	
bimapFilebuffer	003cf67c	00000004	.bss	g	O	
USBJoy_debug	003cf680	00000004	.bss	g	O	
SPI_MODE	003cf684	00000004	.bss	g	O	
system_directory	003cf688	00000100	.bss	l	O	
save_directory	003cf788	00000100	.bss	l	O	
environment_str	003cf888	00000100	.bss	l	O	
handle	003cf988	00000004	.bss	l	O	
user_joy_key_trubo	003cf98c	00000100	.bss	g	O	
rgb_565_buffer	003cfa8c	00000004	.bss	g	O	
use_rgb_8888	003cfa90	00000004	.bss	g	O	
rotation_buff	003cfa94	00000004	.bss	g	O	
rotation	003cfa98	00000004	.bss	g	O	
skipCounter	003cfa9c	00000004	.bss	g	O	
FrameCount0	003cfaa0	00000004	.bss	g	O	
frames_prev	003cfaa4	00000004	.bss	g	O	
PlayFrameError	003cfaa8	00000004	.bss	g	O	
ticks_ptr	003cfaac	00000004	.bss	g	O	
AutoRestoreKey	003cfab0	00000004	.bss	g	O	
_mxml_key_once	003cfab4	00000004	.bss	l	O	
g_sfc_reg	003cfab8	00000004	.bss	l	O	
FlashSize	003cfabc	00000004	.bss	l	O	
UniqueID	003cfac0	00000008	.bss	l	O	
corecfg	003cfac8	00003e80	.bss	g	O	
items	003d3948	00003e80	.bss	g	O	
sbi	003d77c8	00002204	.bss	g	O	
mi	003d99cc	00001b20	.bss	g	O	
file_info_list_ext	003db4ec	00001900	.bss	g	O	
hi	003dcdec	00001210	.bss	g	O	
autorundriver	003ddffc	00001000	.bss	g	O	
autorunfile	003deffc	00001000	.bss	g	O	
mp3DecInfo	003dfffc	000007f0	.bss	g	O	
di	003e07ec	00000348	.bss	g	O	
bprintf_buf	003e0b34	00000200	.bss	g	O	
si	003e0d34	00000148	.bss	g	O	
sfi	003e0e7c	0000011c	.bss	g	O	
Nesname	003e0f98	00000100	.bss	g	O	
RomName	003e1098	00000100	.bss	g	O	
fileName	003e1198	00000100	.bss	g	O	
resource_path	003e1298	00000100	.bss	g	O	
root_path	003e1398	00000100	.bss	g	O	
work_path	003e1498	00000100	.bss	g	O	
m_crctable	003e1598	00000080	.bss	g	O	
mainkey	003e1618	00000080	.bss	g	O	
InputDeviceInfo	003e1698	00000070	.bss	g	O	
keyMapping	003e1708	00000060	.bss	g	O	
SoundPlayer	003e1768	00000048	.bss	g	O	
fpsbuf	003e17b0	00000040	.bss	g	O	
ticks_buf	003e17f0	00000040	.bss	g	O	
fh	003e1830	00000038	.bss	g	O	
mui_Effect0	003e1868	00000024	.bss	g	O	
mui_Effect1	003e188c	00000024	.bss	g	O	
mui_MenuMusic	003e18b0	00000024	.bss	g	O	
ArchivePath	003e18d4	0000001c	.bss	g	O	
GamePath	003e18f0	0000001c	.bss	g	O	
key2	003e190c	0000001c	.bss	g	O	
mdtemp1	003e1928	0000001c	.bss	g	O	
SoundBuffer	003e1944	00000010	.bss	g	O	
game	003e1954	00000010	.bss	g	O	
game_joy_key	003e1964	00000010	.bss	g	O	
joy_key	003e1974	00000010	.bss	g	O	
this_frame	003e1984	00000010	.bss	g	O	
frame_time_last	003e1998	00000008	.bss	g	O	
progress_stepcount	003e19a0	00000008	.bss	g	O	
RF_joy_key	003e19a8	00000008	.bss	g	O	
inTimeVal	003e19b0	00000008	.bss	g	O	
outTimeVal	003e19b8	00000008	.bss	g	O	
ChangeSeting	003e19c0	00000004	.bss	g	O	
DispFrameCount	003e19c4	00000004	.bss	g	O	
DisplayZoomFlag	003e19c8	00000004	.bss	g	O	
Filetype	003e19cc	00000004	.bss	g	O	
FrameCount	003e19d0	00000004	.bss	g	O	
FrameSkip	003e19d4	00000004	.bss	g	O	
Frame_data	003e19d8	00000004	.bss	g	O	
Frame_height	003e19dc	00000004	.bss	g	O	
Frame_pitch	003e19e0	00000004	.bss	g	O	
Frame_width	003e19e4	00000004	.bss	g	O	
Joy1_Delay	003e19e8	00000004	.bss	g	O	
Joy1_Press	003e19ec	00000004	.bss	g	O	
SoundBufferIndex0	003e19f0	00000004	.bss	g	O	
SoundBufferIndex1	003e19f4	00000004	.bss	g	O	
SoundBufferLength	003e19f8	00000004	.bss	g	O	
TimeCountReg	003e19fc	00000004	.bss	g	O	
Time_0	003e1a00	00000004	.bss	g	O	
Time_1	003e1a04	00000004	.bss	g	O	
USE_HDMI_OUT	003e1a08	00000004	.bss	g	O	
ZIP_BUF	003e1a0c	00000004	.bss	g	O	
ZIP_BUF_SIZE	003e1a10	00000004	.bss	g	O	
_SetDoubleBuffer	003e1a14	00000004	.bss	g	O	
_SetFrameSkip	003e1a18	00000004	.bss	g	O	
_retro_get_region	003e1a1c	00000004	.bss	g	O	
_retro_is_support	003e1a20	00000004	.bss	g	O	
_retro_run	003e1a24	00000004	.bss	g	O	
_retro_serialize	003e1a28	00000004	.bss	g	O	
_retro_serialize_size	003e1a2c	00000004	.bss	g	O	
_retro_set_device	003e1a30	00000004	.bss	g	O	
_retro_unserialize	003e1a34	00000004	.bss	g	O	
diff_prev	003e1a38	00000004	.bss	g	O	
disp_times	003e1a3c	00000004	.bss	g	O	
fps	003e1a40	00000004	.bss	g	O	
fps_ptr	003e1a44	00000004	.bss	g	O	
initialTicks	003e1a48	00000004	.bss	g	O	
joytemp0	003e1a4c	00000004	.bss	g	O	
joytemp1	003e1a50	00000004	.bss	g	O	
m_ticks	003e1a54	00000004	.bss	g	O	
maxSkips	003e1a58	00000004	.bss	g	O	
n_input_height	003e1a5c	00000004	.bss	g	O	
n_input_visible_height	003e1a60	00000004	.bss	g	O	
n_input_visible_width	003e1a64	00000004	.bss	g	O	
n_input_width	003e1a68	00000004	.bss	g	O	
output_x	003e1a6c	00000004	.bss	g	O	
output_y	003e1a70	00000004	.bss	g	O	
overtime	003e1a74	00000004	.bss	g	O	
overtime1	003e1a78	00000004	.bss	g	O	
pal_ntsc	003e1a7c	00000004	.bss	g	O	
pause_ret	003e1a80	00000004	.bss	g	O	
pf	003e1a84	00000004	.bss	g	O	
prev_time	003e1a88	00000004	.bss	g	O	
romfile	003e1a8c	00000004	.bss	g	O	
scr_buf	003e1a90	00000004	.bss	g	O	
scr_h_size	003e1a94	00000004	.bss	g	O	
scr_v_size	003e1a98	00000004	.bss	g	O	
screen_w	003e1a9c	00000004	.bss	g	O	
screen_x	003e1aa0	00000004	.bss	g	O	
set_rotation	003e1aa4	00000004	.bss	g	O	
shmid	003e1aa8	00000004	.bss	g	O	
sound_driver_init	003e1aac	00000004	.bss	g	O	
sound_driver_playframe	003e1ab0	00000004	.bss	g	O	
sound_times	003e1ab4	00000004	.bss	g	O	
video_driver_deinit	003e1ab8	00000004	.bss	g	O	
video_driver_frame	003e1abc	00000004	.bss	g	O	
video_driver_get_size	003e1ac0	00000004	.bss	g	O	
video_driver_setting	003e1ac4	00000004	.bss	g	O	
spi_id	003e1ac8	00000003	.bss	g	O	
IR_JoyKey	003e1acc	00000002	.bss	g	O	
ChannelIndex	003e1ace	00000001	.bss	g	O	
ProtectCode	003e1acf	00000001	.bss	g	O	
ProtectVer	003e1ad0	00000001	.bss	g	O	
ReturnToMenu	003e1ad1	00000001	.bss	g	O	
joy_key_Temp	003e1ad2	00000001	.bss	g	O	
